ncdmf_lease_id,cmu_name,sga_name,sga_desc,rainfall_thresh_in,longitude,latitude
1-C-89,U127,C01,MillCreek,1.5,-77.37712473779914,34.528248144902854
194,U129,B09,StumpSound,1.5,-77.47911442137134,34.48366017710323
195,U130,B09,StumpSound,1.5,-77.48642938130712,34.47144913215891
447,U130,B09,StumpSound,1.5,-77.50107242099276,34.46625287778766
26-C-94,U127,C01,MillCreek,1.5,-77.37364890860955,34.52511410265733
9510,U072,E09,CoreSoundNelson,2,-76.39326177437111,34.872212584668205
8602,U072,E09,CoreSoundNelson,2,-76.40714537711844,34.871843831111136
9513-A,U072,E09,CoreSoundNelson,2,-76.407743307785,34.86906878361416
443,U072,E09,CoreSoundNelson,2,-76.39180944599985,34.87497857982089
1259571,U106,E06,NorthRiver,3,-76.55094650527609,34.70130272423357
2401,U041,E08,CoreSoundJarrett,2,-76.49934276062622,34.775445511122285
2-C-89,U127,C01,MillCreek,1.5,-77.37337478672211,34.524490673407364
887,U092,E04,NewportRiver,1,-76.72677245778284,34.77322257742165
725A,U096,E04,NewportRiver,1.5,-76.66503649214758,34.758895511234286
877,U102,E06,NorthRiver,1.5,-76.6068690405746,34.790220591662106
8403,U131,B09,StumpSound,1.5,-77.53791636369799,34.44947582775599
8402A,U131,B09,StumpSound,1.5,-77.53597994469999,34.44910294027072
8402B,U131,B09,StumpSound,1.5,-77.5377996239958,34.447995761134244
684,U030,F04,CedarIsland,4,-76.30205522316967,35.00234902093089
879,U128,C01,MillCreek,1.5,-77.41507863645609,34.49654046310049
385,U131,B09,StumpSound,1.5,-77.50739041310833,34.463943079152386
885,U126,C02,SneadsFerry,3,-77.39318163973181,34.57372680121458
25-67,U131,B09,StumpSound,1.5,-77.51329083286285,34.454191693476815
186,U130,B09,StumpSound,1.5,-77.47195272663484,34.47408231738582
425,U130,B09,StumpSound,1.5,-77.47649127688113,34.47172469907041
703,U102,E06,NorthRiver,1.5,-76.60525025502332,34.793410538418016
9610,U063,D03,WhiteOak,1.5,-77.11151394000245,34.70231023377745
62-75,U144,B08,TopsailSound,3,-77.59465989928498,34.40193629384415
432,U131,B09,StumpSound,1.5,-77.54314017603916,34.444743459586256
440,U146,B08,TopsailSound,3,-77.5596913378645,34.4224086961546
8501A,U144,B08,TopsailSound,3,-77.59400591981964,34.402412384656046
477,U102,E06,NorthRiver,1.5,-76.6054684831586,34.79504357329822
504,U099,E06,NorthRiver,1.5,-76.61837974711236,34.766666121485024
570B,U042,E08,CoreSoundJarrett,2,-76.51569364450779,34.75652705614365
9411,U118,G06,SilverLakeOcracoke,4,-75.96422779161377,35.12114609602108
334,U130,B09,StumpSound,1.5,-77.4689147421319,34.4732550462891
222,U131,B09,StumpSound,1.5,-77.54360180277071,34.44224337487526
518,U091,E04,NewportRiver,1,-76.73669615478559,34.76358552924588
539,U145,B08,TopsailSound,2.5,-77.55876368870142,34.431577858308806
64-75A,U073,E09,CoreSoundNelson,4,-76.39265423728976,34.856376728022305
64-75B,U073,E09,CoreSoundNelson,4,-76.39413388564122,34.85677685465623
1062926,U036,G03,SwanquarterBay,4,-76.40955271023381,35.43964400028385
6-C-90,U126,C02,SneadsFerry,3,-77.33939368526309,34.57072954426358
749,U131,B09,StumpSound,1.5,-77.53440169093808,34.448803541665434
8804,U131,B09,StumpSound,1.5,-77.54697981587232,34.44407519881534
493,U131,B09,StumpSound,1.5,-77.50877615282323,34.461138468086986
9811,U142,B08,TopsailSound,3,-77.69804551695638,34.32339697928501
9810,U142,B08,TopsailSound,3,-77.70285570483396,34.32634969294124
797,U030,F04,CedarIsland,4,-76.30658540754648,34.99283238965687
753186-B,U145,B08,TopsailSound,2.5,-77.55702452636784,34.43040513480334
753186-A,U145,B08,TopsailSound,2.5,-77.55618724359614,34.43166803282286
4-C-89,U127,C01,MillCreek,1.5,-77.37882177602985,34.537743602685175
19-C-92,U128,C01,MillCreek,1.5,-77.3810021123579,34.51233814810308
363,U129,B09,StumpSound,1.5,-77.46061880425916,34.4925863621724
791,U096,E04,NewportRiver,1.5,-76.66388386789684,34.75753222455851
91-80,U091,E04,NewportRiver,1,-76.74492896722018,34.77076642450394
614,U131,B09,StumpSound,1.5,-77.53918563328467,34.435588765146115
9705,U098,E06,NorthRiver,1.5,-76.57670184559683,34.73864779433294
1062918,U036,G03,SwanquarterBay,4,-76.41783921804655,35.43583429433968
1084359,U037,G03,SwanquarterBay,4,-76.45971464014251,35.406881533098044
32-C-95,U127,C01,MillCreek,1.5,-77.37740395287803,34.53800273895891
33-C-95,U127,C01,MillCreek,1.5,-77.37681196482684,34.53811436685293
34-C-95,U127,C01,MillCreek,1.5,-77.37622300962194,34.53818017879853
35-C-95,U127,C01,MillCreek,1.5,-77.375548811641,34.53834075419671
36-C-95,U127,C01,MillCreek,1.5,-77.37493056963103,34.53861482387372
37-C-95,U127,C01,MillCreek,1.5,-77.37415764347537,34.538722324631195
38-C-95,U127,C01,MillCreek,1.5,-77.3740464521071,34.53907436201739
39-C-95,U127,C01,MillCreek,1.5,-77.37405757593379,34.539255195887534
40-C-95,U127,C01,MillCreek,1.5,-77.37409888881024,34.53945721065439
900779,U045,G04,WysockingBay,4,-76.07578768520327,35.405642991704106
8-C-91,U127,C01,MillCreek,1.5,-77.37335004871952,34.53214343919216
538,U145,B08,TopsailSound,2.5,-77.57302862705076,34.4280183809195
18-C-92,U035,G03,SwanquarterBay,4,-76.32410080984856,35.386142490578045
3-C-89,U140,G03,SwanquarterBay,4,-76.40460521290886,35.347809360665
16-C-91,U138,F06,BayRiver,4,-76.61429893099464,35.20079835285985
24-C-93,U138,F06,BayRiver,4,-76.60199206673657,35.20202510794804
989749,U137,F06,BayRiver,4,-76.61296604536108,35.153063937040905
7-C-90,U137,F06,BayRiver,4,-76.60457027785189,35.18965302647492
20-C-92,U137,F06,BayRiver,4,-76.61262509358416,35.181466395576265
9712,U096,E04,NewportRiver,1.5,-76.665787279275,34.758117385728276
744,U125,C03,NewRiver,3,-77.41724264652402,34.575717756662954
746,U125,C03,NewRiver,3,-77.41868436935506,34.57629177342192
881003,U037,G03,SwanquarterBay,4,-76.47739709062807,35.398650892251815
8916,U035,G03,SwanquarterBay,4,-76.35313807232681,35.367786788566626
1459247,U080,F03,WestBay,4,-76.39814445429202,34.940837994546555
1226208,U120,H01,RoanokeSound,4,-75.54988003876112,35.7835175527944
751,U125,C03,NewRiver,3,-77.41934434014155,34.576558108151744
8917,U035,G03,SwanquarterBay,4,-76.35344800199725,35.36856305825432
9209,U036,G03,SwanquarterBay,4,-76.4143354883227,35.43207422301208
850,U098,E06,NorthRiver,1.5,-76.62164354387141,34.739690587822714
647,U100,E06,NorthRiver,1.5,-76.6069640535396,34.78907023233303
864,U126,C02,SneadsFerry,3,-77.39748490220802,34.58053848446981
1194059,U142,B08,TopsailSound,3,-77.67459726305631,34.335981039816836
9301,U072,E09,CoreSoundNelson,2,-76.39775094421213,34.86703715846037
9509,U072,E09,CoreSoundNelson,2,-76.39598459957126,34.87043399838944
9611,U096,E04,NewportRiver,1.5,-76.66236072487075,34.74652804585521
1379452,U149,H03,StumpyPoint,4,-75.76697625370598,35.68255433570322
9202,U061,D03,WhiteOak,3,-77.12320771415524,34.67807441106921
8702,U131,B09,StumpSound,1.5,-77.53927572901998,34.44727777556842
8709,U130,B09,StumpSound,1.5,-77.4942367428242,34.46732837241734
8803,U126,C02,SneadsFerry,3,-77.38198399130789,34.56776269572494
883B,U096,E04,NewportRiver,1.5,-76.66508430638011,34.75391437024714
9702,U142,B08,TopsailSound,3,-77.69797816297337,34.318337300530125
9703,U142,B08,TopsailSound,3,-77.69601247429011,34.320940643197304
9707,U142,B08,TopsailSound,3,-77.69011347372222,34.32190576720898
9802,U118,G06,SilverLakeOcracoke,4,-75.93023863372711,35.13775294885365
500-A,U092,E04,NewportRiver,1,-76.72552762120455,34.76413092945742
83-80,U073,E09,CoreSoundNelson,4,-76.33956612253752,34.88002999788761
1535442,U113,H01,RoanokeSound,4,-75.58277496989965,35.80920469236582
96,U128,C01,MillCreek,1.5,-77.41432919166726,34.51168714118744
9405,U118,G06,SilverLakeOcracoke,4,-75.95294994628527,35.123480754708154
1610179,U111,H01,RoanokeSound,4,-75.5973601678601,35.841452503918305
9002,U072,E09,CoreSoundNelson,2,-76.39455323525486,34.871128773669966
8816,U091,E04,NewportRiver,1,-76.74654908265657,34.77031294261953
522-A,U091,E04,NewportRiver,1,-76.74010465203294,34.773281485026395
15-66A,U092,E04,NewportRiver,1,-76.7304997262629,34.774142421165195
492,U092,E04,NewportRiver,1,-76.72737640936792,34.76415059725083
883A,U096,E04,NewportRiver,1.5,-76.66323011220828,34.754510737768236
793-A,U096,E04,NewportRiver,1.5,-76.66261487288301,34.753039560956964
793-B,U096,E04,NewportRiver,1.5,-76.66247845031788,34.75281080967909
WC-12-06,U030,F04,CedarIsland,4,-76.30289834584362,35.002786005920854
448,U091,E04,NewportRiver,1,-76.7396000676237,34.769769843463024
739,U092,E04,NewportRiver,1,-76.7355389643213,34.779191368692054
9404,U126,C02,SneadsFerry,3,-77.38106602633765,34.56365203446959
9709,U096,E04,NewportRiver,1.5,-76.66675793224312,34.75956286047672
1554609,U106,E06,NorthRiver,3,-76.5274523933213,34.69942747435927
336,U130,B09,StumpSound,1.5,-77.49120850216377,34.46672672567617
906461,U130,B09,StumpSound,1.5,-77.48299734094871,34.470743311873406
846,U146,B08,TopsailSound,3,-77.56246404900656,34.42178787633673
8921,U144,B08,TopsailSound,3,-77.60558435844344,34.4003857860976
1590926,U106,E06,NorthRiver,3,-76.5274523933213,34.69942747435927
1600550,U126,C02,SneadsFerry,3,-77.378718795609,34.56272282060247
282,U131,B09,StumpSound,1.5,-77.53560891074164,34.453848558212464
631,U131,B09,StumpSound,1.5,-77.51181803127061,34.459918334306884
5-C-89,U127,C01,MillCreek,1.5,-77.36774654338456,34.53282342685482
45-C-97,U126,C02,SneadsFerry,3,-77.37343616921288,34.56602356509659
8817,U126,C02,SneadsFerry,3,-77.38223759758321,34.57947419157248
9108,U072,E09,CoreSoundNelson,2,-76.39674989545088,34.86169235273497
9102,U042,E08,CoreSoundJarrett,2,-76.51393206948522,34.75894747123702
1601764,U072,E09,CoreSoundNelson,2,-76.39456131297858,34.87111733495292
624,U126,C02,SneadsFerry,3,-77.3396934142569,34.55315373339049
9203,U091,E04,NewportRiver,1,-76.74710154907721,34.77132266731864
1427111,U077,F02,CoreCreekSouthRiver,4,-76.57618381489462,34.96869730654344
1408350,U080,F03,WestBay,4,-76.39647817227437,34.94251462850991
2101,U055,D01,BearCreek,1.5,-77.2065891659124,34.64438425858361
1546217,U127,C01,MillCreek,1.5,-77.37042061283671,34.520449215101046
8910,U144,B08,TopsailSound,3,-77.64954948149035,34.35803443155503
747,U125,C03,NewRiver,3,-77.4050687852024,34.5775317796192
630,U131,B09,StumpSound,1.5,-77.51391235129604,34.45818664735637
42-70,U125,C03,NewRiver,3,-77.4030361596348,34.57702436312664
20-66,U125,C03,NewRiver,3,-77.40915979802514,34.57573065972768
603,U091,E04,NewportRiver,1,-76.74070780986918,34.77084636119615
734,U094,E04,NewportRiver,1.5,-76.72035658913191,34.76057383394776
149,U129,B09,StumpSound,1.5,-77.48065164261439,34.4830873989184
2001,U128,C01,MillCreek,1.5,-77.40679545673758,34.50417277396693
641,U131,B09,StumpSound,1.5,-77.51559238302225,34.4660743260032
642,U131,B09,StumpSound,1.5,-77.51722475097043,34.46525339441914
9304,U126,C02,SneadsFerry,3,-77.39719598439906,34.591724401746475
995969,U128,C01,MillCreek,1.5,-77.4070020839945,34.504923464584856
841,U094,E04,NewportRiver,1.5,-76.70872854974337,34.75342974769337
328,U128,C01,MillCreek,1.5,-77.40008468504153,34.514579843639815
9207,U096,E04,NewportRiver,1.5,-76.66197377224626,34.747566339921804
1652130,U030,F04,CedarIsland,4,-76.30893332215899,35.00014489657866
145,U092,E04,NewportRiver,1,-76.72912967438297,34.77099254209813
344-A,U065,D03,WhiteOak,2,-77.11578740594418,34.684269109715615
347,U040,E08,CoreSoundJarrett,2,-76.49588183194211,34.78645604891377
857,U041,E08,CoreSoundJarrett,2,-76.50036660274547,34.77724565061342
866,U131,B09,StumpSound,1.5,-77.53607983562017,34.43804560638585
9201,U074,E09,CoreSoundNelson,4,-76.35552821628765,34.827167188726975
1636075,U096,E04,NewportRiver,1.5,-76.66389664378575,34.75227935113471
1636083,U096,E04,NewportRiver,1.5,-76.66389664378575,34.75227935113471
164,U131,B09,StumpSound,1.5,-77.54182265882079,34.44918875887588
1683820,U061,D03,WhiteOak,3,-77.12321916387074,34.67806084182242
1618255,U096,E04,NewportRiver,1.5,-76.66261411530971,34.753039918116976
1627843,U096,E04,NewportRiver,1.5,-76.66197764743241,34.74756209148703
1632173,U111,H01,RoanokeSound,4,-75.5973601678601,35.841452503918305
1624519,U010,B03,CapeFearTheBasin,4,-77.93458965542655,33.95325595521254
1572734,U010,B03,CapeFearTheBasin,4,-77.93458965542655,33.95325595521254
WC-7-96,U130,B09,StumpSound,1.5,-77.47429843144567,34.47145429641127
1623511,U130,B09,StumpSound,1.5,-77.47461534943271,34.47212796335695
1547728,U142,B08,TopsailSound,3,-77.67479852930968,34.33576932711237
1642487,U133,G02,WrightOyster,4,-76.52627822159513,35.30761245397646
1642578,U133,G02,WrightOyster,4,-76.52627822159513,35.30761245397646
1704170,U096,E04,NewportRiver,1.5,-76.66251191125406,34.75181159750115
1704188,U096,E04,NewportRiver,1.5,-76.66251191125406,34.75181159750115
1703669,U132,G01,GooseCreekPamlico,4,-76.64820424566882,35.35774635230589
1703677,U132,G01,GooseCreekPamlico,4,-76.64820424566884,35.357746352305874
9803,U036,G03,SwanquarterBay,4,-76.41448511931372,35.43422500660107
1701838,U112,H02,CroatanSound,4,-75.64089693381565,35.815497125390806
1670165,U132,G01,GooseCreekPamlico,4,-76.65479951797366,35.411991874626374
1652866,U147,G02,WrightOyster,4,-76.53519450095474,35.42033790485282
1686427,U147,G02,WrightOyster,4,-76.53519450095474,35.42033790485282
1770692,U133,G02,WrightOyster,4,-76.52657771349791,35.31470101287375
1770700,U133,G02,WrightOyster,4,-76.52657771349791,35.31470101287375
1746197,U075,F05,NeuseRiverOriental,4,-76.59609554317238,35.09795694114219
1701846,U112,H02,CroatanSound,4,-75.64089693381565,35.815497125390806
1624147,U116,H05,OuterBanks,4,-75.52732820095449,35.2771001676149
1722024,U116,H05,OuterBanks,4,-75.52732820095449,35.2771001676149
1652148,U030,F04,CedarIsland,4,-76.30899451685991,34.999713554407826
1702596,U019,E01,BogueSoundBroad,3,-76.93743836227446,34.71007868270961
1702604,U019,E01,BogueSoundBroad,3,-76.93743836227446,34.71007868270961
1763929,U041,E08,CoreSoundJarrett,2,-76.49934470341891,34.775451255933874
1792357,U096,E04,NewportRiver,1.5,-76.665787279275,34.758117385728276
WC-13-09,U106,E06,NorthRiver,3,-76.55094650527609,34.70130272423357
1718394,U037,G03,SwanquarterBay,4,-76.45556748417002,35.40454629908251
1670173,U132,G01,GooseCreekPamlico,4,-76.65479951797366,35.411991874626374
1705169,U111,H01,RoanokeSound,4,-75.5966258000322,35.83896493871418
9613,U144,B08,TopsailSound,3,-77.59722536929677,34.402708660053285
1843986,U144,B08,TopsailSound,3,-77.5956502148129,34.40271160265306
689,U102,E06,NorthRiver,1.5,-76.60641401629641,34.79645816821352
1886639,U088,B07,WrightsvilleBeach,2,-77.76401032203728,34.27155942260769
1859933,U116,H05,OuterBanks,4,-75.5268031439475,35.28117542780332
1891340,U096,E04,NewportRiver,1.5,-76.6671155690014,34.742817720951166
1872753,U094,E04,NewportRiver,1.5,-76.71010388857128,34.75415261966311
1872779,U085,B06,MasonboroSound,2.5,-77.84421846350814,34.17312813093187
1861319,U037,G03,SwanquarterBay,4,-76.46990655888321,35.40265846242558
1861301,U037,G03,SwanquarterBay,4,-76.4627869399658,35.40327049173335
1892199,U144,B08,TopsailSound,3,-77.5981495289932,34.40376825483824
1889450,U073,E09,CoreSoundNelson,4,-76.34353990551793,34.87784423283513
1863943,U075,F05,NeuseRiverOriental,4,-76.5960807916897,35.097972324461566
1867472,U092,E04,NewportRiver,1,-76.72835895703618,34.76409235990759
1885508,U096,E04,NewportRiver,1.5,-76.67183301968977,34.74146941992747
1867944,U096,E04,NewportRiver,1.5,-76.66455416579586,34.75295266618137
1897156,U130,B09,StumpSound,1.5,-77.46283824453275,34.482082026227545
1897966,U118,G06,SilverLakeOcracoke,4,-75.93842875361842,35.136208250974825
1849561,U142,B08,TopsailSound,3,-77.67455395405537,34.338753071719474
1709310,U139,F06,BayRiver,4,-76.65437147926488,35.18259884588361
1841451,U117,H04,HattarasOuterBanks,4,-75.66693779006027,35.230072704115024
1809318,U086,B06,MasonboroSound,3,-77.84127863471393,34.16007214045436
1900919,U085,B06,MasonboroSound,2.5,-77.86233021464007,34.14074938789984
1803675,U086,B06,MasonboroSound,3,-77.83821652321492,34.16388796285976
1804186,U096,E04,NewportRiver,1.5,-76.66266934494196,34.74857263365753
1800853,U096,E04,NewportRiver,1.5,-76.67189654249995,34.7426502498128
1854256,U117,H04,HattarasOuterBanks,4,-75.66693779006027,35.230072704115024
1809391,U111,H01,RoanokeSound,4,-75.59662580039998,35.83896493897446
1859941,U116,H05,OuterBanks,4,-75.5268031439475,35.28117542780332
1535467,U113,H01,RoanokeSound,4,-75.58277326896764,35.8092027353958
1865278,U040,E08,CoreSoundJarrett,2,-76.49588253402207,34.786455500371204
1871458,U027,E03,BogueSoundMorehead,3,-76.71535871331439,34.70574755422436
1889468,U073,E09,CoreSoundNelson,4,-76.34353990551793,34.87784423283513
1797083,U101,E06,NorthRiver,1.5,-76.58955885823939,34.769333485601116
1801158,U072,E09,CoreSoundNelson,2,-76.40714537711844,34.871843831111136
1871441,U094,E04,NewportRiver,1.5,-76.7101026176232,34.754152545673776
1800861,U096,E04,NewportRiver,1.5,-76.67189654249995,34.7426502498128
1885565,U096,E04,NewportRiver,1.5,-76.67183301968977,34.74146941992747
1867951,U096,E04,NewportRiver,1.5,-76.66455416579586,34.75295266618137
1860139,U096,E04,NewportRiver,1.5,-76.66266992711978,34.74857245683586
1900182,U118,G06,SilverLakeOcracoke,4,-75.93842875361842,35.136208250974825
1858844,U037,G03,SwanquarterBay,4,-76.45556748417002,35.40454629908251
1872787,U085,B06,MasonboroSound,2.5,-77.84421846350814,34.17312813093187
1863950,U075,F05,NeuseRiverOriental,4,-76.5960807916897,35.097972324461566
1709328,U139,F06,BayRiver,4,-76.65437147926488,35.18259884588361
1849579,U142,B08,TopsailSound,3,-77.67455395405537,34.338753071719474
1882265,U072,E09,CoreSoundNelson,2,-76.407743307785,34.86906878361416
1895028,U136,F06,BayRiver,4,-76.58284382967081,35.23745615104613
1888890,U098,E06,NorthRiver,1.5,-76.61828205516589,34.735227717299495
1888908,U098,E06,NorthRiver,1.5,-76.61828205516589,34.735227717299495
1766302,U118,G06,SilverLakeOcracoke,4,-75.93040939577538,35.13728830450682
1894906,U024,E03,BogueSoundMorehead,3,-76.76401080816649,34.71519328234906
1789601,U139,F06,BayRiver,4,-76.67635521305174,35.164716166762545
1795004,U139,F06,BayRiver,4,-76.67635521305174,35.164716166762545
1796036,U138,F06,BayRiver,4,-76.59426250792366,35.2001901113723
1834902,U086,B06,MasonboroSound,3,-77.83812869186772,34.16379889224083
1766245,U125,C03,NewRiver,3,-77.43416981870281,34.5923109405094
1750454,U088,B07,WrightsvilleBeach,2,-77.76308541425355,34.273023814680535
1919877,U041,E08,CoreSoundJarrett,2,-76.50036691444612,34.77724524971827
1909985,U089,B08,TopsailSound,2.5,-77.71982585977955,34.324333538539484
1914373,U030,F04,CedarIsland,4,-76.30822357486902,35.006639700178724
1914381,U030,F04,CedarIsland,4,-76.30822357486902,35.006639700178724
1909993,U089,B08,TopsailSound,2.5,-77.71982585977955,34.324333538539484
1909647,U144,B08,TopsailSound,3,-77.65339684024046,34.35928190365049
1909787,U118,G06,SilverLakeOcracoke,4,-75.9303154761488,35.13987827723698
1909795,U118,G06,SilverLakeOcracoke,4,-75.9303154761488,35.13987827723698
1930619,U100,E06,NorthRiver,1.5,-76.59501538925149,34.771672046177585
1930627,U100,E06,NorthRiver,1.5,-76.59501538925149,34.771672046177585
1860071,U130,B09,StumpSound,1.5,-77.48310980934492,34.47496277199113
1860089,U130,B09,StumpSound,1.5,-77.48310980934492,34.47496277199113
1885466,U085,B06,MasonboroSound,2.5,-77.84338873835082,34.17412667994687
1885474,U085,B06,MasonboroSound,2.5,-77.84338873835082,34.17412667994687
1871466,U027,E03,BogueSoundMorehead,3,-76.71535871093313,34.705747553817226
1907682,U130,B09,StumpSound,1.5,-77.49326141622758,34.469670608946224
1907708,U130,B09,StumpSound,1.5,-77.49326141622758,34.469670608946224
1908060,U143,B08,TopsailSound,2.5,-77.67286992107154,34.36214965753992
1909969,U098,E06,NorthRiver,1.5,-76.60243734157157,34.7204800603214
1909977,U098,E06,NorthRiver,1.5,-76.60511323306667,34.72581352902392
1911221,U130,B09,StumpSound,1.5,-77.49683029871383,34.4687673481021
1911239,U130,B09,StumpSound,1.5,-77.49683029871383,34.4687673481021
1927474,U024,E03,BogueSoundMorehead,3,-76.76702157756885,34.712455670134545
1917780,U118,G06,SilverLakeOcracoke,4,-75.94295768610843,35.13511396872034
1917798,U118,G06,SilverLakeOcracoke,4,-75.94295768610843,35.13511396872034
1944149,U130,B09,StumpSound,1.5,-77.47021723985026,34.474564458562355
1933001,U056,D01,BearCreek,1.5,-77.19632717315072,34.63671024353184
1933019,U056,D01,BearCreek,1.5,-77.19632717315072,34.63671024353184
1923788,U144,B08,TopsailSound,3,-77.5956502148129,34.40271160265306
1909860,U113,H01,RoanokeSound,4,-75.5656760409606,35.78792504038762
1909878,U113,H01,RoanokeSound,4,-75.5656760409606,35.78792504038762
1911445,U072,E09,CoreSoundNelson,2,-76.39598459957126,34.87043399838944
1911437,U072,E09,CoreSoundNelson,2,-76.39326506322416,34.87221750785338
1911452,U072,E09,CoreSoundNelson,2,-76.39674989545088,34.86169235273497
561,U041,E08,CoreSoundJarrett,2,-76.49092563996729,34.78198498845796
1918069,U041,E08,CoreSoundJarrett,2,-76.49092563996729,34.78198498845796
1930916,U081,F03,WestBay,4,-76.32726896256625,35.00858290597996
1930924,U081,F03,WestBay,4,-76.32726896256625,35.00858290597996
87-80,U073,E09,CoreSoundNelson,4,-76.33717856612921,34.881111019933776
1931344,U073,E09,CoreSoundNelson,4,-76.33717856612921,34.881111019933776
1934553,U126,C02,SneadsFerry,3,-77.35399114113359,34.567151823098165
8818,U069,E09,CoreSoundNelson,1.5,-76.45298438377652,34.81875723397847
1934744,U069,E09,CoreSoundNelson,1.5,-76.45298438377652,34.81875723397847
9003,U069,E09,CoreSoundNelson,1.5,-76.45445151369793,34.819111685901625
1934801,U069,E09,CoreSoundNelson,1.5,-76.45445151369793,34.819111685901625
1934876,U027,E03,BogueSoundMorehead,3,-76.70364491922777,34.70063125281752
1934884,U027,E03,BogueSoundMorehead,3,-76.70364491922777,34.70063125281752
1934900,U126,C02,SneadsFerry,3,-77.36171206530977,34.560602494273546
1934918,U126,C02,SneadsFerry,3,-77.36171206530977,34.560602494273546
1935162,U035,G03,SwanquarterBay,4,-76.28089366745108,35.34391429289967
1935170,U035,G03,SwanquarterBay,4,-76.2808936674511,35.34391429289967
1937275,U111,H01,RoanokeSound,4,-75.62136601099239,35.848313412780705
1911528,U027,E03,BogueSoundMorehead,3,-76.7064712124688,34.70730313180684
1911536,U027,E03,BogueSoundMorehead,3,-76.7064712124688,34.70730313180684
1911494,U027,E03,BogueSoundMorehead,3,-76.70551109913583,34.70712705365007
1911502,U027,E03,BogueSoundMorehead,3,-76.70551260770559,34.70712549634617
1930858,U090,B08,TopsailSound,3,-77.72252419309586,34.31217878792546
1935113,U090,B08,TopsailSound,3,-77.71655390058041,34.3124768190239
1960558,U090,B08,TopsailSound,3,-77.73007242714701,34.30111449418358
1960566,U090,B08,TopsailSound,3,-77.73007242714701,34.30111449418358
1946284,U144,B08,TopsailSound,3,-77.61746929143962,34.38550488064289
1946292,U144,B08,TopsailSound,3,-77.61746929143962,34.38550488064289
1948082,U144,B08,TopsailSound,3,-77.63345542598336,34.37380538270203
1948108,U144,B08,TopsailSound,3,-77.63345542598336,34.37380538270203
1947084,U142,B08,TopsailSound,3,-77.69255131992195,34.333672063899456
1961911,U090,B08,TopsailSound,3,-77.7306172244422,34.29928665073444
1961929,U090,B08,TopsailSound,3,-77.7306172244422,34.29928665073444
1946474,U090,B08,TopsailSound,3,-77.71377257071069,34.31931198503403
1951300,U023,E03,BogueSoundMorehead,2,-76.76087562469112,34.722307661358556
1886621,U088,B07,WrightsvilleBeach,2,-77.76755811553278,34.27079836123403
1946003,U101,E06,NorthRiver,1.5,-76.57830215764798,34.76158150727562
1946011,U101,E06,NorthRiver,1.5,-76.57830215764798,34.76158150727562
1948637,U147,G08,PungoRiver,4,-76.5429350482703,35.46438992081906
1948645,U147,G08,PungoRiver,4,-76.5429350482703,35.46438992081906
1951334,U130,B09,StumpSound,1.5,-77.49051027994666,34.47248878205378
1951342,U130,B09,StumpSound,1.5,-77.49051027994666,34.47248878205378
1946383,U144,B08,TopsailSound,3,-77.62261301845128,34.386167519763745
1946391,U144,B08,TopsailSound,3,-77.62261301845128,34.386167519763745
1946656,U130,B09,StumpSound,1.5,-77.48612174786795,34.47165818767202
9112,U071,E09,CoreSoundNelson,2,-76.42704723120241,34.83446424371314
1961903,U071,E09,CoreSoundNelson,2,-76.42704723120241,34.83446424371314
1977362,U130,B09,StumpSound,1.5,-77.50221970677819,34.46867221063134
1977388,U130,B09,StumpSound,1.5,-77.50221970677819,34.46867221063134
1947688,U094,E04,NewportRiver,1.5,-76.71824969783948,34.758835862902764
1947696,U094,E04,NewportRiver,1.5,-76.71824969783948,34.758835862902764
1951391,U139,F06,BayRiver,4,-76.67318294322864,35.16626934284141
1951409,U139,F06,BayRiver,4,-76.67318294322864,35.16626934284141
1946706,U139,F06,BayRiver,4,-76.65422865184989,35.18157339814744
1946722,U139,F06,BayRiver,4,-76.65422865184989,35.18157339814744
1966936,U098,E06,NorthRiver,1.5,-76.60409213294406,34.72633460152208
1935139,U045,G05,EnglehardLongShoal,4,-76.01066228019987,35.44763733759326
1935147,U045,G05,EnglehardLongShoal,4,-76.01066228019987,35.44763733759326
1948553,U045,G05,EnglehardLongShoal,4,-75.95019956442434,35.530328135417946
1948561,U045,G05,EnglehardLongShoal,4,-75.94843337249323,35.53125411730561
1948538,U045,G05,EnglehardLongShoal,4,-75.94935302335423,35.530823836173106
1948504,U045,G05,EnglehardLongShoal,4,-75.94757421580148,35.5317232427051
1962653,U098,E06,NorthRiver,1.5,-76.58372822519331,34.726285356124286
9706A,U142,B08,TopsailSound,3,-77.68640073954917,34.3246390897154
9706B,U142,B08,TopsailSound,3,-77.68639293607217,34.32638492122249
1986868,U024,E03,BogueSoundMorehead,3,-76.76488876188937,34.71462829581971
1947738,U147,G08,PungoRiver,4,-76.56163144428392,35.45546680649615
1947753,U147,G08,PungoRiver,4,-76.56163144428392,35.45546680649615
1962620,U098,E06,NorthRiver,1.5,-76.58555924060926,34.72125647003917
9109,U126,C02,SneadsFerry,3,-77.3982130017353,34.58146742611375
1948058,U117,H04,HattarasOuterBanks,4,-75.68535755374963,35.23332178665559
1948066,U117,H04,HattarasOuterBanks,4,-75.68535755374963,35.23332178665559
1932979,U090,B08,TopsailSound,3,-77.71466033552541,34.31147394462328
1994409,U090,B08,TopsailSound,3,-77.71692646116912,34.30300832558763
1974328,U147,G08,PungoRiver,4,-76.62708715677533,35.505035806259116
1974070,U106,E06,NorthRiver,3,-76.57743707892813,34.71384204664311
1979590,U092,E04,NewportRiver,1,-76.72779270583787,34.77341215006701
1987775,U063,D03,WhiteOak,1.5,-77.09355938535252,34.70340776367619
1987825,U099,E06,NorthRiver,1.5,-76.6210384812958,34.76346863478503
1988831,U096,E04,NewportRiver,1.5,-76.66740592720824,34.74150414084689
1988849,U096,E04,NewportRiver,1.5,-76.66764898687568,34.7409473140083
1988856,U094,E04,NewportRiver,1.5,-76.71979591853054,34.76213110996396
1974773,U081,F03,WestBay,4,-76.33793383524949,35.015853784549414
1974716,U081,F03,WestBay,4,-76.34577626061754,35.02709380498736
1975986,U106,E06,NorthRiver,3,-76.5540480209401,34.701325635496666
1987858,U117,H04,HattarasOuterBanks,4,-75.66006705567213,35.236403762532156
1977867,U035,G03,SwanquarterBay,4,-76.29915287181205,35.35860330261885
1966720,U118,G06,SilverLakeOcracoke,4,-75.99471904803431,35.11667767734137
1978006,U037,G03,SwanquarterBay,4,-76.45455543450015,35.39852150238655
1976059,U131,B09,StumpSound,1.5,-77.51298458728425,34.46602809257396
1988716,U125,C03,NewRiver,3,-77.43416981870281,34.5923109405094
1983634,U126,C02,SneadsFerry,3,-77.34862945918685,34.56609417156022
1989615,U130,B09,StumpSound,1.5,-77.48864793896958,34.473497212709425
1992130,U126,C02,SneadsFerry,3,-77.34155947705395,34.56130351437999
1993526,U130,B09,StumpSound,1.5,-77.4795975629167,34.47524083719422
1993609,U126,C02,SneadsFerry,3,-77.35994902021626,34.56652719633763
1974831,U090,B08,TopsailSound,3,-77.7164807181752,34.305496098791814
1982925,U090,B08,TopsailSound,3,-77.72925346584228,34.30199538448233
1989342,U090,B08,TopsailSound,3,-77.72982159273995,34.29463506010487
1979970,U144,B08,TopsailSound,3,-77.5981495289932,34.40376825483824
1980028,U144,B08,TopsailSound,3,-77.59465989928498,34.40193629384415
1947688 ext,U094,E04,NewportRiver,1.5,-76.71885100998435,34.75923301199888
1974393,U064,D03,WhiteOak,1.5,-77.09631673078542,34.69837475767221
1976018,U136,F06,BayRiver,4,-76.56353627371058,35.235453669622224
1994508,U064,D03,WhiteOak,1.5,-77.09704643633684,34.68970694151257
1994433,U095,E04,NewportRiver,1.5,-76.69988407830661,34.7400451934053
1994813,U077,F02,CoreCreekSouthRiver,4,-76.57691457898618,34.97227168195125
1994961,U100,E06,NorthRiver,1.5,-76.61687828247696,34.77204342151222
1995026,U107,E05,Beaufort,4,-76.63373355149636,34.697430433112274
1994920,U096,E04,NewportRiver,1.5,-76.67239794609208,34.74337745604317
1966753,U095,E04,NewportRiver,1.5,-76.69758610027289,34.746148258189535
1996396,U130,B09,StumpSound,1.5,-77.50116479349875,34.46882154690246
1995059,U144,B08,TopsailSound,3,-77.60214451630048,34.39534072023184
1983113,U091,E04,NewportRiver,1,-76.74654908300165,34.77031294312535
1976000,U072,E09,CoreSoundNelson,2,-76.39180944634376,34.87497858044142
1974336,U147,G08,PungoRiver,4,-76.62708715677533,35.505035806259116
1966738,U118,G06,SilverLakeOcracoke,4,-75.99471904803431,35.11667767734137
1966761,U095,E04,NewportRiver,1.5,-76.69758610027289,34.746148258189535
1974096,U106,E06,NorthRiver,3,-76.57743707892813,34.71384204664311
1974724,U081,F03,WestBay,4,-76.34577626061754,35.02709380498736
1974781,U081,F03,WestBay,4,-76.33793383524949,35.015853784549414
1974856,U090,B08,TopsailSound,3,-77.7164807181752,34.305496098791814
1976034,U136,F06,BayRiver,4,-76.56353627371058,35.235453669622224
1976125,U131,B09,StumpSound,1.5,-77.51298458728425,34.46602809257396
1978014,U037,G03,SwanquarterBay,4,-76.45455543450015,35.39852150238655
1982941,U090,B08,TopsailSound,3,-77.72925346584228,34.30199538448233
1987783,U063,D03,WhiteOak,1.5,-77.09355938535252,34.70340776367619
1987841,U099,E06,NorthRiver,1.5,-76.6210384812958,34.76346863478503
1987882,U117,H04,HattarasOuterBanks,4,-75.66006705567213,35.236403762532156
1989359,U090,B08,TopsailSound,3,-77.72982159273995,34.29463506010487
1989623,U130,B09,StumpSound,1.5,-77.48864793896958,34.473497212709425
1992148,U126,C02,SneadsFerry,3,-77.34155947705395,34.56130351437999
1993534,U130,B09,StumpSound,1.5,-77.4795975629167,34.47524083719422
1994417,U090,B08,TopsailSound,3,-77.71692646116912,34.30300832558763
1994516,U064,D03,WhiteOak,1.5,-77.09704643633684,34.68970694151257
1994821,U077,F02,CoreCreekSouthRiver,4,-76.57691457898618,34.97227168195125
1994938,U096,E04,NewportRiver,1.5,-76.67239794609208,34.74337745604317
1995067,U144,B08,TopsailSound,3,-77.60214451630048,34.39534072023184
1996404,U130,B09,StumpSound,1.5,-77.50116479349875,34.46882154690246
1997238,U142,B08,TopsailSound,3,-77.69724969430662,34.331969961460864
1948017,U136,F06,BayRiver,4,-76.58284382967081,35.23745615104613
1966852,U037,G03,SwanquarterBay,4,-76.46990655888321,35.40265846242558
1951375,U139,F06,BayRiver,4,-76.64047900657157,35.16438362827547
1951383,U139,F06,BayRiver,4,-76.64047900657157,35.16438362827547
1966811,U144,B08,TopsailSound,3,-77.59400591981964,34.402412384656046
1951326,U092,E04,NewportRiver,1,-76.72737640936792,34.76415059725083
1934363,U085,B06,MasonboroSound,2.5,-77.8438393462256,34.17120719181993
1934371,U085,B06,MasonboroSound,2.5,-77.8438393462256,34.17120719181993
1966787,U118,G06,SilverLakeOcracoke,4,-75.99592055344829,35.098323208514955
1966795,U118,G06,SilverLakeOcracoke,4,-75.99592055344829,35.098323208514955
1982891,U090,B08,TopsailSound,3,-77.72986840953249,34.29899448972038
1982909,U090,B08,TopsailSound,3,-77.72986840953249,34.29899448972038
1947779,U089,B08,TopsailSound,2.5,-77.72521047564769,34.31975047279084
1947787,U089,B08,TopsailSound,2.5,-77.72521047564769,34.31975047279084
1946458,U090,B08,TopsailSound,3,-77.72946410672138,34.296222733464624
1946466,U090,B08,TopsailSound,3,-77.72946410672138,34.296222733464624
1974450,U064,D03,WhiteOak,1.5,-77.09631673078542,34.69837475767221
1974641,U027,E03,BogueSoundMorehead,3,-76.70765611281311,34.70509944151692
1974658,U027,E03,BogueSoundMorehead,3,-76.70765611281311,34.70509944151692
1989581,U130,B09,StumpSound,1.5,-77.49856056432033,34.47065547857679
1989599,U130,B09,StumpSound,1.5,-77.49856056432033,34.47065547857679
20-001BL,U130,B09,StumpSound,1.5,-77.46175262325194,34.4841560680096
20-002WC,U130,B09,StumpSound,1.5,-77.46175262325194,34.4841560680096
20-003BL,U144,B08,TopsailSound,3,-77.5935782037808,34.40522437211302
20-004WC,U144,B08,TopsailSound,3,-77.5935782037808,34.40522437211302
20-005BL,U128,C01,MillCreek,1.5,-77.42014676136345,34.50604349616692
20-006WC,U128,C01,MillCreek,1.5,-77.42014676136345,34.50604349616692
20-007BL,U101,E06,NorthRiver,1.5,-76.57861497162608,34.77189158481307
20-008WC,U101,E06,NorthRiver,1.5,-76.57861497162608,34.77189158481307
20-009BL,U125,C03,NewRiver,3,-77.41460555531629,34.574894043383104
20-010BL,U118,G06,SilverLakeOcracoke,4,-75.935417682838,35.13670936427332
20-011WC,U118,G06,SilverLakeOcracoke,4,-75.935417682838,35.13670936427332
20-012BL,U118,G06,SilverLakeOcracoke,4,-75.93840899078981,35.132938126952055
20-013WC,U118,G06,SilverLakeOcracoke,4,-75.93840899078981,35.132938126952055
20-014BL,U131,B09,StumpSound,1.5,-77.52630037276458,34.45732305412506
20-015WC,U131,B09,StumpSound,1.5,-77.52630037276458,34.45732305412506
9513,U072,E09,CoreSoundNelson,2,-76.40830495166402,34.867947236470684
1994458,U125,C03,NewRiver,3,-77.40932698874909,34.574473099659166
1994466,U125,C03,NewRiver,3,-77.40788073760275,34.574344362462654
20-016WC,U144,B08,TopsailSound,3,-77.59722536929677,34.402708660053285
20-017BL,U037,G03,SwanquarterBay,4,-76.45783579949334,35.40927142525476
20-018WC,U037,G03,SwanquarterBay,4,-76.45783579949334,35.40927142525476
776,U130,B09,StumpSound,1.5,-77.47973502616945,34.47181438954592
